year_month,sales_lakh,profit_lakh,orders
2022-01,33.67,3.24,70
2022-02,19.01,2.2,61
2022-03,44.29,4.28,100
2022-04,27.91,3.04,76
2022-05,34.05,3.6,76
2022-06,26.2,1.97,66
2022-07,18.1,2.2,56
2022-08,42.5,4.53,97
2022-09,55.65,5.08,108
2022-10,65.5,6.8,135
2022-11,57.36,5.62,128
2022-12,61.6,3.5,124
2023-01,26.61,3.22,86
2023-02,17.35,2.19,55
2023-03,66.57,5.16,125
2023-04,40.07,3.79,93
2023-05,35.23,2.62,89
2023-06,32.15,3.11,87
2023-07,41.38,2.39,96
2023-08,34.07,2.97,102
2023-09,51.64,4.15,114
2023-10,46.81,4.86,142
2023-11,68.71,6.43,135
2023-12,59.11,4.62,137
2024-01,38.97,3.29,88
2024-02,27.01,2.78,66
2024-03,43.31,4.48,110
2024-04,49.01,4.7,109
2024-05,48.26,3.23,97
2024-06,56.19,5.22,106
2024-07,47.43,2.64,101
2024-08,45.69,4.51,113
2024-09,57.61,5.05,133
2024-10,53.33,5.55,145
2024-11,71.66,7.37,172
2024-12,50.95,4.03,143
2025-01,46.1,3.99,108
2025-02,28.03,2.4,73
2025-03,63.31,6.06,130
2025-04,39.67,3.75,89
2025-05,49.74,4.4,106
2025-06,48.96,5.07,105
2025-07,43.55,4.8,112
2025-08,54.93,4.73,121
2025-09,56.29,5.06,134
2025-10,75.42,6.0,164
2025-11,59.56,4.56,168
2025-12,55.37,6.11,147
