product_name,sub_category,units_sold,sales_lakh,profit_lakh
Acer Aspire Lite,Laptops,453,252.1,10.93
Lenovo IdeaPad Slim 3,Laptops,345,205.29,9.64
Green Soul Ergonomic Chair,Chairs,391,47.49,9.24
Dell Inspiron 3520,Laptops,406,181.41,9.02
Nilkamal Visitor Chair,Chairs,592,44.97,8.56
Nilkamal Drawer Unit,Storage,2335,41.08,8.33
ASUS Vivobook 15,Laptops,387,206.87,8.17
HP 15s Ryzen 5,Laptops,341,154.29,7.37
Kangaro Document Rack,Storage,1315,34.43,7.17
Brother Laser HL-L2321,Printers,372,53.46,6.62
